{
	"time": "2021-05-14T12:18:21+03:00",
	"clientInfo": {
		"platformType": "Windows_x86",
		"appVersion": "8.3.18.1128",
		"appName": "1CV8C",
		"systemInfo": {
			"osVersion": "Microsoft Windows 10 version 10.0  (Build 19042)",
			"fullRAM": 8536776704,
			"freeRAM": 1784987648,
			"processor": "AuthenticAMD AMD64 Family 23 Model 113 Stepping 0 3600 MHz",
			"clientID": "19b6222e-0aca-4812-8939-d672fd5f27a6"
		}
	},
	"sessionInfo": {
		"userName": "Администратор",
		"dataSeparation": "",
		"platformInterfaceLanguageCode": "ru",
		"configurationInterfaceLanguageCode": "ru",
		"localeCode": "ru"
	},
	"infoBaseInfo": {
		"localeCode": "ru_RU"
	},
	"serverInfo": {
		"appVersion": "8.3.18.1128",
		"type": "Windows_x86",
		"dbms": "DBEng8"
	},
	"configInfo": {
		"name": "КонфигурацияДляДипломнойРаботы",
		"description": "Конфигурация для дипломной работы (1.0)",
		"version": "1.0",
		"compatibilityMode": "Version8_3_18",
		"hash": "e373af59ab23134daf5140b14e2763ed00000000",
		"changeEnabled": true,
		"extentions": [
			[
				"Улучшение",
				"436fc03d8d1a2b96bd48e0fdf3fe8acb3d21583b"
			]
		]
	},
	"errorInfo": {
		"systemErrorInfo": {
			"clientStack": "bslt.dll:0x0001405F bslt.dll:0x0000F750 bslt.dll:0x0001CCD3 mngclnt.dll:0x0000590E mngclnt.dll:0x0000537E mnguit.dll:0x00080407 mnguit.dll:0x000866F3 mnguit.dll:0x00085506 mnguit.dll:0x00084D3C mnguit.dll:0x0007F7D6 framet.dll:0x0009B0F2 framet.dll:0x00095FFD framet.dll:0x0003CE7F framet.dll:0x000264E2 core83t.dll:0x000BC625 framet.dll:0x00714E70 framet.dll:0x0090FBE5 framet.dll:0x0090EDBF framet.dll:0x000435C4 framet.dll:0x0001B527 framet.dll:0x005A89B8 framet.dll:0x0057AF70 framet.dll:0x006AAF6A framet.dll:0x005B4EB6 framet.dll:0x005B3EF6 framet.dll:0x007F33C0 framet.dll:0x00158589 framet.dll:0x007F0C0C wbase83t.dll:0x000312F5 wbase83t.dll:0x00016520 wbase83t.dll:0x00016161 wbase83t.dll:0x00015A5E wbase83t.dll:0x0001578A wbase83t.dll:0x00007F9E wbase83t.dll:0x000080D6 framet.dll:0x0071779A framet.dll:0x0071538B mngclnt.dll:0x0005150A mngclnt.dll:0x00050DB1 1CV8Ct.exe:0x0000B751 1CV8Ct.exe:0x0000F1B0 core83t.dll:0x001DE0E7 core83t.dll:0x001E04CE 1CV8Ct.exe:0x0007EB3D KERNEL32.DLL:0x00000000 unknown:0x00000000 unknown:0x00000000 ",
			"clientStackHash": "B519E54B4A6B6F87DA495081A8F290C2"
		},
		"applicationErrorInfo": {
			"errors": [
				[
					"Ошибка инициализации модуля: ОбщаяКоманда.УволенныеСотрудники.МодульКоманды",
					[]
				],
				[
					"{ОбщаяКоманда.УволенныеСотрудники.МодульКоманды(6,51)}: Переменная не определена (ЗначениеОтбора)",
					[
						"ScriptCompileError"
					]
				]
			]
		}
	},
	"screenshot": {
		"file": "screenshot.png"
	}
}